time,symbol,timeframe,open,high,low,close,volume
2025-01-06T00:00:00+00:00,XAUUSD,M5,2600.7,2601.7,2599.7,2600.8999999999996,100
2025-01-06T00:05:00+00:00,XAUUSD,M5,2600.73,2601.73,2599.73,2600.93,101
2025-01-06T00:10:00+00:00,XAUUSD,M5,2599.36,2600.36,2598.36,2599.56,102
2025-01-06T00:15:00+00:00,XAUUSD,M5,2599.3900000000003,2600.3900000000003,2598.3900000000003,2599.59,103
2025-01-06T00:20:00+00:00,XAUUSD,M5,2600.8199999999997,2601.8199999999997,2599.8199999999997,2601.0199999999995,104
2025-01-06T00:25:00+00:00,XAUUSD,M5,2600.85,2601.85,2599.85,2601.0499999999997,100
2025-01-06T00:30:00+00:00,XAUUSD,M5,2599.48,2600.48,2598.48,2599.68,101
2025-01-06T00:35:00+00:00,XAUUSD,M5,2599.51,2600.51,2598.51,2599.71,102
2025-01-06T00:40:00+00:00,XAUUSD,M5,2600.9399999999996,2601.9399999999996,2599.9399999999996,2601.1399999999994,103
2025-01-06T00:45:00+00:00,XAUUSD,M5,2600.97,2601.97,2599.97,2601.1699999999996,104
2025-01-06T00:50:00+00:00,XAUUSD,M5,2599.6000000000004,2600.6000000000004,2598.6000000000004,2599.8,100
2025-01-06T00:55:00+00:00,XAUUSD,M5,2599.63,2600.63,2598.63,2599.83,101
2025-01-06T01:00:00+00:00,XAUUSD,M5,2601.06,2602.06,2600.06,2601.2599999999998,102
2025-01-06T01:05:00+00:00,XAUUSD,M5,2601.0899999999997,2602.0899999999997,2600.0899999999997,2601.2899999999995,103
2025-01-06T01:10:00+00:00,XAUUSD,M5,2599.7200000000003,2600.7200000000003,2598.7200000000003,2599.92,104
2025-01-06T01:15:00+00:00,XAUUSD,M5,2599.75,2600.75,2598.75,2599.95,100
2025-01-06T01:20:00+00:00,XAUUSD,M5,2601.18,2602.18,2600.18,2601.3799999999997,101
2025-01-06T01:25:00+00:00,XAUUSD,M5,2601.21,2602.21,2600.21,2601.41,102
2025-01-06T01:30:00+00:00,XAUUSD,M5,2599.84,2600.84,2598.84,2600.04,103
2025-01-06T01:35:00+00:00,XAUUSD,M5,2599.8700000000003,2600.8700000000003,2598.8700000000003,2600.07,104
2025-01-06T01:40:00+00:00,XAUUSD,M5,2601.2999999999997,2602.2999999999997,2600.2999999999997,2601.4999999999995,100
2025-01-06T01:45:00+00:00,XAUUSD,M5,2601.33,2602.33,2600.33,2601.5299999999997,101
2025-01-06T01:50:00+00:00,XAUUSD,M5,2599.96,2600.96,2598.96,2600.16,102
2025-01-06T01:55:00+00:00,XAUUSD,M5,2599.9900000000002,2600.9900000000002,2598.9900000000002,2600.19,103
2025-01-06T02:00:00+00:00,XAUUSD,M5,2601.4199999999996,2602.4199999999996,2600.4199999999996,2601.6199999999994,104
2025-01-06T02:05:00+00:00,XAUUSD,M5,2601.45,2602.45,2600.45,2601.6499999999996,100
2025-01-06T02:10:00+00:00,XAUUSD,M5,2600.0800000000004,2601.0800000000004,2599.0800000000004,2600.28,101
2025-01-06T02:15:00+00:00,XAUUSD,M5,2600.11,2601.11,2599.11,2600.31,102
2025-01-06T02:20:00+00:00,XAUUSD,M5,2601.54,2602.54,2600.54,2601.74,103
2025-01-06T02:25:00+00:00,XAUUSD,M5,2601.5699999999997,2602.5699999999997,2600.5699999999997,2601.7699999999995,104
2025-01-06T02:30:00+00:00,XAUUSD,M5,2600.2000000000003,2601.2000000000003,2599.2000000000003,2600.4,100
2025-01-06T02:35:00+00:00,XAUUSD,M5,2600.23,2601.23,2599.23,2600.43,101
2025-01-06T02:40:00+00:00,XAUUSD,M5,2601.66,2602.66,2600.66,2601.8599999999997,102
2025-01-06T02:45:00+00:00,XAUUSD,M5,2601.6899999999996,2602.6899999999996,2600.6899999999996,2601.8899999999994,103
2025-01-06T02:50:00+00:00,XAUUSD,M5,2600.32,2601.32,2599.32,2600.52,104
2025-01-06T02:55:00+00:00,XAUUSD,M5,2600.3500000000004,2601.3500000000004,2599.3500000000004,2600.55,100
2025-01-06T03:00:00+00:00,XAUUSD,M5,2601.7799999999997,2602.7799999999997,2600.7799999999997,2601.9799999999996,101
2025-01-06T03:05:00+00:00,XAUUSD,M5,2601.81,2602.81,2600.81,2602.0099999999998,102
2025-01-06T03:10:00+00:00,XAUUSD,M5,2600.44,2601.44,2599.44,2600.64,103
2025-01-06T03:15:00+00:00,XAUUSD,M5,2600.4700000000003,2601.4700000000003,2599.4700000000003,2600.67,104
2025-01-06T03:20:00+00:00,XAUUSD,M5,2601.8999999999996,2602.8999999999996,2600.8999999999996,2602.0999999999995,100
2025-01-06T03:25:00+00:00,XAUUSD,M5,2601.93,2602.93,2600.93,2602.1299999999997,101
2025-01-06T03:30:00+00:00,XAUUSD,M5,2600.5600000000004,2601.5600000000004,2599.5600000000004,2600.76,102
2025-01-06T03:35:00+00:00,XAUUSD,M5,2600.59,2601.59,2599.59,2600.79,103
2025-01-06T03:40:00+00:00,XAUUSD,M5,2602.02,2603.02,2601.02,2602.22,104
2025-01-06T03:45:00+00:00,XAUUSD,M5,2602.0499999999997,2603.0499999999997,2601.0499999999997,2602.2499999999995,100
2025-01-06T03:50:00+00:00,XAUUSD,M5,2600.6800000000003,2601.6800000000003,2599.6800000000003,2600.88,101
2025-01-06T03:55:00+00:00,XAUUSD,M5,2600.71,2601.71,2599.71,2600.91,102
2025-01-06T04:00:00+00:00,XAUUSD,M5,2602.14,2603.14,2601.14,2602.3399999999997,103
2025-01-06T04:05:00+00:00,XAUUSD,M5,2602.1699999999996,2603.1699999999996,2601.1699999999996,2602.3699999999994,104
2025-01-06T04:10:00+00:00,XAUUSD,M5,2600.8,2601.8,2599.8,2601.0,100
2025-01-06T04:15:00+00:00,XAUUSD,M5,2600.8300000000004,2601.8300000000004,2599.8300000000004,2601.03,101
2025-01-06T04:20:00+00:00,XAUUSD,M5,2602.2599999999998,2603.2599999999998,2601.2599999999998,2602.4599999999996,102
2025-01-06T04:25:00+00:00,XAUUSD,M5,2602.29,2603.29,2601.29,2602.49,103
2025-01-06T04:30:00+00:00,XAUUSD,M5,2600.92,2601.92,2599.92,2601.12,104
2025-01-06T04:35:00+00:00,XAUUSD,M5,2600.9500000000003,2601.9500000000003,2599.9500000000003,2601.15,100
2025-01-06T04:40:00+00:00,XAUUSD,M5,2602.3799999999997,2603.3799999999997,2601.3799999999997,2602.5799999999995,101
2025-01-06T04:45:00+00:00,XAUUSD,M5,2602.41,2603.41,2601.41,2602.6099999999997,102
2025-01-06T04:50:00+00:00,XAUUSD,M5,2601.04,2602.04,2600.04,2601.24,103
2025-01-06T04:55:00+00:00,XAUUSD,M5,2601.07,2602.07,2600.07,2601.27,104
2025-01-06T05:00:00+00:00,XAUUSD,M5,2602.5,2603.5,2601.5,2602.7,100
2025-01-06T05:05:00+00:00,XAUUSD,M5,2602.5299999999997,2603.5299999999997,2601.5299999999997,2602.7299999999996,101
2025-01-06T05:10:00+00:00,XAUUSD,M5,2601.1600000000003,2602.1600000000003,2600.1600000000003,2601.36,102
2025-01-06T05:15:00+00:00,XAUUSD,M5,2601.19,2602.19,2600.19,2601.39,103
2025-01-06T05:20:00+00:00,XAUUSD,M5,2602.62,2603.62,2601.62,2602.8199999999997,104
2025-01-06T05:25:00+00:00,XAUUSD,M5,2602.6499999999996,2603.6499999999996,2601.6499999999996,2602.8499999999995,100
2025-01-06T05:30:00+00:00,XAUUSD,M5,2601.28,2602.28,2600.28,2601.48,101
2025-01-06T05:35:00+00:00,XAUUSD,M5,2601.3100000000004,2602.3100000000004,2600.3100000000004,2601.51,102
2025-01-06T05:40:00+00:00,XAUUSD,M5,2602.74,2603.74,2601.74,2602.9399999999996,103
2025-01-06T05:45:00+00:00,XAUUSD,M5,2602.77,2603.77,2601.77,2602.97,104
2025-01-06T05:50:00+00:00,XAUUSD,M5,2601.4,2602.4,2600.4,2601.6,100
2025-01-06T05:55:00+00:00,XAUUSD,M5,2601.4300000000003,2602.4300000000003,2600.4300000000003,2601.63,101
2025-01-06T06:00:00+00:00,XAUUSD,M5,2602.8599999999997,2603.8599999999997,2601.8599999999997,2603.0599999999995,102
2025-01-06T06:05:00+00:00,XAUUSD,M5,2602.89,2603.89,2601.89,2603.0899999999997,103
2025-01-06T06:10:00+00:00,XAUUSD,M5,2601.52,2602.52,2600.52,2601.72,104
2025-01-06T06:15:00+00:00,XAUUSD,M5,2601.55,2602.55,2600.55,2601.75,100
2025-01-06T06:20:00+00:00,XAUUSD,M5,2602.98,2603.98,2601.98,2603.18,101
2025-01-06T06:25:00+00:00,XAUUSD,M5,2603.0099999999998,2604.0099999999998,2602.0099999999998,2603.2099999999996,102
2025-01-06T06:30:00+00:00,XAUUSD,M5,2601.6400000000003,2602.6400000000003,2600.6400000000003,2601.84,103
2025-01-06T06:35:00+00:00,XAUUSD,M5,2601.67,2602.67,2600.67,2601.87,104
2025-01-06T06:40:00+00:00,XAUUSD,M5,2603.1,2604.1,2602.1,2603.2999999999997,100
2025-01-06T06:45:00+00:00,XAUUSD,M5,2603.1299999999997,2604.1299999999997,2602.1299999999997,2603.3299999999995,101
2025-01-06T06:50:00+00:00,XAUUSD,M5,2601.76,2602.76,2600.76,2601.96,102
2025-01-06T06:55:00+00:00,XAUUSD,M5,2601.79,2602.79,2600.79,2601.99,103
2025-01-06T07:00:00+00:00,XAUUSD,M5,2603.22,2604.22,2602.22,2603.4199999999996,104
2025-01-06T07:05:00+00:00,XAUUSD,M5,2603.25,2604.25,2602.25,2603.45,100
2025-01-06T07:10:00+00:00,XAUUSD,M5,2601.88,2602.88,2600.88,2602.08,101
2025-01-06T07:15:00+00:00,XAUUSD,M5,2601.9100000000003,2602.9100000000003,2600.9100000000003,2602.11,102
2025-01-06T07:20:00+00:00,XAUUSD,M5,2603.3399999999997,2604.3399999999997,2602.3399999999997,2603.5399999999995,103
2025-01-06T07:25:00+00:00,XAUUSD,M5,2603.37,2604.37,2602.37,2603.5699999999997,104
2025-01-06T07:30:00+00:00,XAUUSD,M5,2602.0,2603.0,2601.0,2602.2,100
2025-01-06T07:35:00+00:00,XAUUSD,M5,2602.03,2603.03,2601.03,2602.23,101
2025-01-06T07:40:00+00:00,XAUUSD,M5,2603.46,2604.46,2602.46,2603.66,102
2025-01-06T07:45:00+00:00,XAUUSD,M5,2603.49,2604.49,2602.49,2603.6899999999996,103
2025-01-06T07:50:00+00:00,XAUUSD,M5,2602.1200000000003,2603.1200000000003,2601.1200000000003,2602.32,104
2025-01-06T07:55:00+00:00,XAUUSD,M5,2602.15,2603.15,2601.15,2602.35,100
2025-01-06T08:00:00+00:00,XAUUSD,M5,2603.58,2604.58,2602.58,2603.7799999999997,101
2025-01-06T08:05:00+00:00,XAUUSD,M5,2603.6099999999997,2604.6099999999997,2602.6099999999997,2603.8099999999995,102
2025-01-06T08:10:00+00:00,XAUUSD,M5,2602.2400000000002,2603.2400000000002,2601.2400000000002,2602.44,103
2025-01-06T08:15:00+00:00,XAUUSD,M5,2602.27,2603.27,2601.27,2602.47,104
2025-01-06T08:20:00+00:00,XAUUSD,M5,2603.7,2604.7,2602.7,2603.8999999999996,100
2025-01-06T08:25:00+00:00,XAUUSD,M5,2603.73,2604.73,2602.73,2603.93,101
2025-01-06T08:30:00+00:00,XAUUSD,M5,2602.36,2603.36,2601.36,2602.56,102
2025-01-06T08:35:00+00:00,XAUUSD,M5,2602.3900000000003,2603.3900000000003,2601.3900000000003,2602.59,103
2025-01-06T08:40:00+00:00,XAUUSD,M5,2603.8199999999997,2604.8199999999997,2602.8199999999997,2604.0199999999995,104
2025-01-06T08:45:00+00:00,XAUUSD,M5,2603.85,2604.85,2602.85,2604.0499999999997,100
2025-01-06T08:50:00+00:00,XAUUSD,M5,2602.48,2603.48,2601.48,2602.68,101
2025-01-06T08:55:00+00:00,XAUUSD,M5,2602.51,2603.51,2601.51,2602.71,102
2025-01-06T09:00:00+00:00,XAUUSD,M5,2603.9399999999996,2604.9399999999996,2602.9399999999996,2604.1399999999994,103
2025-01-06T09:05:00+00:00,XAUUSD,M5,2603.97,2604.97,2602.97,2604.1699999999996,104
2025-01-06T09:10:00+00:00,XAUUSD,M5,2602.6000000000004,2603.6000000000004,2601.6000000000004,2602.8,100
2025-01-06T09:15:00+00:00,XAUUSD,M5,2602.63,2603.63,2601.63,2602.83,101
2025-01-06T09:20:00+00:00,XAUUSD,M5,2604.06,2605.06,2603.06,2604.2599999999998,102
2025-01-06T09:25:00+00:00,XAUUSD,M5,2604.0899999999997,2605.0899999999997,2603.0899999999997,2604.2899999999995,103
2025-01-06T09:30:00+00:00,XAUUSD,M5,2602.7200000000003,2603.7200000000003,2601.7200000000003,2602.92,104
2025-01-06T09:35:00+00:00,XAUUSD,M5,2602.75,2603.75,2601.75,2602.95,100
2025-01-06T09:40:00+00:00,XAUUSD,M5,2604.18,2605.18,2603.18,2604.3799999999997,101
2025-01-06T09:45:00+00:00,XAUUSD,M5,2604.21,2605.21,2603.21,2604.41,102
2025-01-06T09:50:00+00:00,XAUUSD,M5,2602.84,2603.84,2601.84,2603.04,103
2025-01-06T09:55:00+00:00,XAUUSD,M5,2602.8700000000003,2603.8700000000003,2601.8700000000003,2603.07,104
2025-01-06T10:00:00+00:00,XAUUSD,M5,2604.2999999999997,2605.2999999999997,2603.2999999999997,2604.4999999999995,100
2025-01-06T10:05:00+00:00,XAUUSD,M5,2604.33,2605.33,2603.33,2604.5299999999997,101
2025-01-06T10:10:00+00:00,XAUUSD,M5,2602.96,2603.96,2601.96,2603.16,102
2025-01-06T10:15:00+00:00,XAUUSD,M5,2602.9900000000002,2603.9900000000002,2601.9900000000002,2603.19,103
2025-01-06T10:20:00+00:00,XAUUSD,M5,2604.4199999999996,2605.4199999999996,2603.4199999999996,2604.6199999999994,104
2025-01-06T10:25:00+00:00,XAUUSD,M5,2604.45,2605.45,2603.45,2604.6499999999996,100
2025-01-06T10:30:00+00:00,XAUUSD,M5,2603.0800000000004,2604.0800000000004,2602.0800000000004,2603.28,101
2025-01-06T10:35:00+00:00,XAUUSD,M5,2603.11,2604.11,2602.11,2603.31,102
2025-01-06T10:40:00+00:00,XAUUSD,M5,2604.54,2605.54,2603.54,2604.74,103
2025-01-06T10:45:00+00:00,XAUUSD,M5,2604.5699999999997,2605.5699999999997,2603.5699999999997,2604.7699999999995,104
2025-01-06T10:50:00+00:00,XAUUSD,M5,2603.2000000000003,2604.2000000000003,2602.2000000000003,2603.4,100
2025-01-06T10:55:00+00:00,XAUUSD,M5,2603.23,2604.23,2602.23,2603.43,101
2025-01-06T11:00:00+00:00,XAUUSD,M5,2604.66,2605.66,2603.66,2604.8599999999997,102
2025-01-06T11:05:00+00:00,XAUUSD,M5,2604.6899999999996,2605.6899999999996,2603.6899999999996,2604.8899999999994,103
2025-01-06T11:10:00+00:00,XAUUSD,M5,2603.32,2604.32,2602.32,2603.52,104
2025-01-06T11:15:00+00:00,XAUUSD,M5,2603.3500000000004,2604.3500000000004,2602.3500000000004,2603.55,100
2025-01-06T11:20:00+00:00,XAUUSD,M5,2604.7799999999997,2605.7799999999997,2603.7799999999997,2604.9799999999996,101
2025-01-06T11:25:00+00:00,XAUUSD,M5,2604.81,2605.81,2603.81,2605.0099999999998,102
2025-01-06T11:30:00+00:00,XAUUSD,M5,2603.44,2604.44,2602.44,2603.64,103
2025-01-06T11:35:00+00:00,XAUUSD,M5,2603.4700000000003,2604.4700000000003,2602.4700000000003,2603.67,104
2025-01-06T11:40:00+00:00,XAUUSD,M5,2604.8999999999996,2605.8999999999996,2603.8999999999996,2605.0999999999995,100
2025-01-06T11:45:00+00:00,XAUUSD,M5,2604.93,2605.93,2603.93,2605.1299999999997,101
2025-01-06T11:50:00+00:00,XAUUSD,M5,2603.5600000000004,2604.5600000000004,2602.5600000000004,2603.76,102
2025-01-06T11:55:00+00:00,XAUUSD,M5,2603.59,2604.59,2602.59,2603.79,103
2025-01-06T12:00:00+00:00,XAUUSD,M5,2605.02,2606.02,2604.02,2605.22,104
2025-01-06T12:05:00+00:00,XAUUSD,M5,2605.0499999999997,2606.0499999999997,2604.0499999999997,2605.2499999999995,100
2025-01-06T12:10:00+00:00,XAUUSD,M5,2603.6800000000003,2604.6800000000003,2602.6800000000003,2603.88,101
2025-01-06T12:15:00+00:00,XAUUSD,M5,2603.71,2604.71,2602.71,2603.91,102
2025-01-06T12:20:00+00:00,XAUUSD,M5,2605.14,2606.14,2604.14,2605.3399999999997,103
2025-01-06T12:25:00+00:00,XAUUSD,M5,2605.1699999999996,2606.1699999999996,2604.1699999999996,2605.3699999999994,104
2025-01-06T12:30:00+00:00,XAUUSD,M5,2603.8,2604.8,2602.8,2604.0,100
2025-01-06T12:35:00+00:00,XAUUSD,M5,2603.8300000000004,2604.8300000000004,2602.8300000000004,2604.03,101
2025-01-06T12:40:00+00:00,XAUUSD,M5,2605.2599999999998,2606.2599999999998,2604.2599999999998,2605.4599999999996,102
2025-01-06T12:45:00+00:00,XAUUSD,M5,2605.29,2606.29,2604.29,2605.49,103
2025-01-06T12:50:00+00:00,XAUUSD,M5,2603.92,2604.92,2602.92,2604.12,104
2025-01-06T12:55:00+00:00,XAUUSD,M5,2603.9500000000003,2604.9500000000003,2602.9500000000003,2604.15,100
2025-01-06T13:00:00+00:00,XAUUSD,M5,2605.3799999999997,2606.3799999999997,2604.3799999999997,2605.5799999999995,101
2025-01-06T13:05:00+00:00,XAUUSD,M5,2605.41,2606.41,2604.41,2605.6099999999997,102
2025-01-06T13:10:00+00:00,XAUUSD,M5,2604.04,2605.04,2603.04,2604.24,103
2025-01-06T13:15:00+00:00,XAUUSD,M5,2604.07,2605.07,2603.07,2604.27,104
2025-01-06T13:20:00+00:00,XAUUSD,M5,2605.5,2606.5,2604.5,2605.7,100
2025-01-06T13:25:00+00:00,XAUUSD,M5,2605.5299999999997,2606.5299999999997,2604.5299999999997,2605.7299999999996,101
2025-01-06T13:30:00+00:00,XAUUSD,M5,2604.1600000000003,2605.1600000000003,2603.1600000000003,2604.36,102
2025-01-06T13:35:00+00:00,XAUUSD,M5,2604.19,2605.19,2603.19,2604.39,103
2025-01-06T13:40:00+00:00,XAUUSD,M5,2605.62,2606.62,2604.62,2605.8199999999997,104
2025-01-06T13:45:00+00:00,XAUUSD,M5,2605.6499999999996,2606.6499999999996,2604.6499999999996,2605.8499999999995,100
2025-01-06T13:50:00+00:00,XAUUSD,M5,2604.28,2605.28,2603.28,2604.48,101
2025-01-06T13:55:00+00:00,XAUUSD,M5,2604.3100000000004,2605.3100000000004,2603.3100000000004,2604.51,102
2025-01-06T14:00:00+00:00,XAUUSD,M5,2605.74,2606.74,2604.74,2605.9399999999996,103
2025-01-06T14:05:00+00:00,XAUUSD,M5,2605.77,2606.77,2604.77,2605.97,104
2025-01-06T14:10:00+00:00,XAUUSD,M5,2604.4,2605.4,2603.4,2604.6,100
2025-01-06T14:15:00+00:00,XAUUSD,M5,2604.4300000000003,2605.4300000000003,2603.4300000000003,2604.63,101
2025-01-06T14:20:00+00:00,XAUUSD,M5,2605.8599999999997,2606.8599999999997,2604.8599999999997,2606.0599999999995,102
2025-01-06T14:25:00+00:00,XAUUSD,M5,2605.89,2606.89,2604.89,2606.0899999999997,103
2025-01-06T14:30:00+00:00,XAUUSD,M5,2604.52,2605.52,2603.52,2604.72,104
2025-01-06T14:35:00+00:00,XAUUSD,M5,2604.55,2605.55,2603.55,2604.75,100
2025-01-06T14:40:00+00:00,XAUUSD,M5,2605.98,2606.98,2604.98,2606.18,101
2025-01-06T14:45:00+00:00,XAUUSD,M5,2606.0099999999998,2607.0099999999998,2605.0099999999998,2606.2099999999996,102
2025-01-06T14:50:00+00:00,XAUUSD,M5,2604.6400000000003,2605.6400000000003,2603.6400000000003,2604.84,103
2025-01-06T14:55:00+00:00,XAUUSD,M5,2604.67,2605.67,2603.67,2604.87,104
2025-01-06T15:00:00+00:00,XAUUSD,M5,2606.1,2607.1,2605.1,2606.2999999999997,100
2025-01-06T15:05:00+00:00,XAUUSD,M5,2606.1299999999997,2607.1299999999997,2605.1299999999997,2606.3299999999995,101
2025-01-06T15:10:00+00:00,XAUUSD,M5,2604.76,2605.76,2603.76,2604.96,102
2025-01-06T15:15:00+00:00,XAUUSD,M5,2604.79,2605.79,2603.79,2604.99,103
2025-01-06T15:20:00+00:00,XAUUSD,M5,2606.22,2607.22,2605.22,2606.4199999999996,104
2025-01-06T15:25:00+00:00,XAUUSD,M5,2606.25,2607.25,2605.25,2606.45,100
2025-01-06T15:30:00+00:00,XAUUSD,M5,2604.88,2605.88,2603.88,2605.08,101
2025-01-06T15:35:00+00:00,XAUUSD,M5,2604.9100000000003,2605.9100000000003,2603.9100000000003,2605.11,102
2025-01-06T15:40:00+00:00,XAUUSD,M5,2606.3399999999997,2607.3399999999997,2605.3399999999997,2606.5399999999995,103
2025-01-06T15:45:00+00:00,XAUUSD,M5,2606.37,2607.37,2605.37,2606.5699999999997,104
2025-01-06T15:50:00+00:00,XAUUSD,M5,2605.0,2606.0,2604.0,2605.2,100
2025-01-06T15:55:00+00:00,XAUUSD,M5,2605.03,2606.03,2604.03,2605.23,101
2025-01-06T16:00:00+00:00,XAUUSD,M5,2606.46,2607.46,2605.46,2606.66,102
2025-01-06T16:05:00+00:00,XAUUSD,M5,2606.49,2607.49,2605.49,2606.6899999999996,103
2025-01-06T16:10:00+00:00,XAUUSD,M5,2605.1200000000003,2606.1200000000003,2604.1200000000003,2605.32,104
2025-01-06T16:15:00+00:00,XAUUSD,M5,2605.15,2606.15,2604.15,2605.35,100
2025-01-06T16:20:00+00:00,XAUUSD,M5,2606.58,2607.58,2605.58,2606.7799999999997,101
2025-01-06T16:25:00+00:00,XAUUSD,M5,2606.6099999999997,2607.6099999999997,2605.6099999999997,2606.8099999999995,102
2025-01-06T16:30:00+00:00,XAUUSD,M5,2605.2400000000002,2606.2400000000002,2604.2400000000002,2605.44,103
2025-01-06T16:35:00+00:00,XAUUSD,M5,2605.27,2606.27,2604.27,2605.47,104
2025-01-06T16:40:00+00:00,XAUUSD,M5,2606.7,2607.7,2605.7,2606.8999999999996,100
2025-01-06T16:45:00+00:00,XAUUSD,M5,2606.73,2607.73,2605.73,2606.93,101
2025-01-06T16:50:00+00:00,XAUUSD,M5,2605.36,2606.36,2604.36,2605.56,102
2025-01-06T16:55:00+00:00,XAUUSD,M5,2605.3900000000003,2606.3900000000003,2604.3900000000003,2605.59,103
2025-01-06T17:00:00+00:00,XAUUSD,M5,2606.8199999999997,2607.8199999999997,2605.8199999999997,2607.0199999999995,104
2025-01-06T17:05:00+00:00,XAUUSD,M5,2606.85,2607.85,2605.85,2607.0499999999997,100
2025-01-06T17:10:00+00:00,XAUUSD,M5,2605.48,2606.48,2604.48,2605.68,101
2025-01-06T17:15:00+00:00,XAUUSD,M5,2605.51,2606.51,2604.51,2605.71,102
2025-01-06T17:20:00+00:00,XAUUSD,M5,2606.9399999999996,2607.9399999999996,2605.9399999999996,2607.1399999999994,103
2025-01-06T17:25:00+00:00,XAUUSD,M5,2606.97,2607.97,2605.97,2607.1699999999996,104
2025-01-06T17:30:00+00:00,XAUUSD,M5,2605.6000000000004,2606.6000000000004,2604.6000000000004,2605.8,100
2025-01-06T17:35:00+00:00,XAUUSD,M5,2605.63,2606.63,2604.63,2605.83,101
2025-01-06T17:40:00+00:00,XAUUSD,M5,2607.06,2608.06,2606.06,2607.2599999999998,102
2025-01-06T17:45:00+00:00,XAUUSD,M5,2607.0899999999997,2608.0899999999997,2606.0899999999997,2607.2899999999995,103
2025-01-06T17:50:00+00:00,XAUUSD,M5,2605.7200000000003,2606.7200000000003,2604.7200000000003,2605.92,104
2025-01-06T17:55:00+00:00,XAUUSD,M5,2605.75,2606.75,2604.75,2605.95,100
2025-01-06T18:00:00+00:00,XAUUSD,M5,2607.18,2608.18,2606.18,2607.3799999999997,101
2025-01-06T18:05:00+00:00,XAUUSD,M5,2607.21,2608.21,2606.21,2607.41,102
2025-01-06T18:10:00+00:00,XAUUSD,M5,2605.84,2606.84,2604.84,2606.04,103
2025-01-06T18:15:00+00:00,XAUUSD,M5,2605.8700000000003,2606.8700000000003,2604.8700000000003,2606.07,104
2025-01-06T18:20:00+00:00,XAUUSD,M5,2607.2999999999997,2608.2999999999997,2606.2999999999997,2607.4999999999995,100
2025-01-06T18:25:00+00:00,XAUUSD,M5,2607.33,2608.33,2606.33,2607.5299999999997,101
2025-01-06T18:30:00+00:00,XAUUSD,M5,2605.96,2606.96,2604.96,2606.16,102
2025-01-06T18:35:00+00:00,XAUUSD,M5,2605.9900000000002,2606.9900000000002,2604.9900000000002,2606.19,103
2025-01-06T18:40:00+00:00,XAUUSD,M5,2607.4199999999996,2608.4199999999996,2606.4199999999996,2607.6199999999994,104
2025-01-06T18:45:00+00:00,XAUUSD,M5,2607.45,2608.45,2606.45,2607.6499999999996,100
2025-01-06T18:50:00+00:00,XAUUSD,M5,2606.0800000000004,2607.0800000000004,2605.0800000000004,2606.28,101
2025-01-06T18:55:00+00:00,XAUUSD,M5,2606.11,2607.11,2605.11,2606.31,102
2025-01-06T19:00:00+00:00,XAUUSD,M5,2607.54,2608.54,2606.54,2607.74,103
2025-01-06T19:05:00+00:00,XAUUSD,M5,2607.5699999999997,2608.5699999999997,2606.5699999999997,2607.7699999999995,104
2025-01-06T19:10:00+00:00,XAUUSD,M5,2606.2000000000003,2607.2000000000003,2605.2000000000003,2606.4,100
2025-01-06T19:15:00+00:00,XAUUSD,M5,2606.23,2607.23,2605.23,2606.43,101
2025-01-06T19:20:00+00:00,XAUUSD,M5,2607.66,2608.66,2606.66,2607.8599999999997,102
2025-01-06T19:25:00+00:00,XAUUSD,M5,2607.6899999999996,2608.6899999999996,2606.6899999999996,2607.8899999999994,103
2025-01-06T19:30:00+00:00,XAUUSD,M5,2606.32,2607.32,2605.32,2606.52,104
2025-01-06T19:35:00+00:00,XAUUSD,M5,2606.3500000000004,2607.3500000000004,2605.3500000000004,2606.55,100
2025-01-06T19:40:00+00:00,XAUUSD,M5,2607.7799999999997,2608.7799999999997,2606.7799999999997,2607.9799999999996,101
2025-01-06T19:45:00+00:00,XAUUSD,M5,2607.81,2608.81,2606.81,2608.0099999999998,102
2025-01-06T19:50:00+00:00,XAUUSD,M5,2606.44,2607.44,2605.44,2606.64,103
2025-01-06T19:55:00+00:00,XAUUSD,M5,2606.4700000000003,2607.4700000000003,2605.4700000000003,2606.67,104
2025-01-06T20:00:00+00:00,XAUUSD,M5,2607.8999999999996,2608.8999999999996,2606.8999999999996,2608.0999999999995,100
2025-01-06T20:05:00+00:00,XAUUSD,M5,2607.93,2608.93,2606.93,2608.1299999999997,101
2025-01-06T20:10:00+00:00,XAUUSD,M5,2606.5600000000004,2607.5600000000004,2605.5600000000004,2606.76,102
2025-01-06T20:15:00+00:00,XAUUSD,M5,2606.59,2607.59,2605.59,2606.79,103
2025-01-06T20:20:00+00:00,XAUUSD,M5,2608.02,2609.02,2607.02,2608.22,104
2025-01-06T20:25:00+00:00,XAUUSD,M5,2608.0499999999997,2609.0499999999997,2607.0499999999997,2608.2499999999995,100
2025-01-06T20:30:00+00:00,XAUUSD,M5,2606.6800000000003,2607.6800000000003,2605.6800000000003,2606.88,101
2025-01-06T20:35:00+00:00,XAUUSD,M5,2606.71,2607.71,2605.71,2606.91,102
2025-01-06T20:40:00+00:00,XAUUSD,M5,2608.14,2609.14,2607.14,2608.3399999999997,103
2025-01-06T20:45:00+00:00,XAUUSD,M5,2608.1699999999996,2609.1699999999996,2607.1699999999996,2608.3699999999994,104
2025-01-06T20:50:00+00:00,XAUUSD,M5,2606.8,2607.8,2605.8,2607.0,100
2025-01-06T20:55:00+00:00,XAUUSD,M5,2606.8300000000004,2607.8300000000004,2605.8300000000004,2607.03,101
2025-01-06T21:00:00+00:00,XAUUSD,M5,2608.2599999999998,2609.2599999999998,2607.2599999999998,2608.4599999999996,102
2025-01-06T21:05:00+00:00,XAUUSD,M5,2608.29,2609.29,2607.29,2608.49,103
2025-01-06T21:10:00+00:00,XAUUSD,M5,2606.92,2607.92,2605.92,2607.12,104
2025-01-06T21:15:00+00:00,XAUUSD,M5,2606.9500000000003,2607.9500000000003,2605.9500000000003,2607.15,100
2025-01-06T21:20:00+00:00,XAUUSD,M5,2608.3799999999997,2609.3799999999997,2607.3799999999997,2608.5799999999995,101
2025-01-06T21:25:00+00:00,XAUUSD,M5,2608.41,2609.41,2607.41,2608.6099999999997,102
2025-01-06T21:30:00+00:00,XAUUSD,M5,2607.04,2608.04,2606.04,2607.24,103
2025-01-06T21:35:00+00:00,XAUUSD,M5,2607.07,2608.07,2606.07,2607.27,104
2025-01-06T21:40:00+00:00,XAUUSD,M5,2608.5,2609.5,2607.5,2608.7,100
2025-01-06T21:45:00+00:00,XAUUSD,M5,2608.5299999999997,2609.5299999999997,2607.5299999999997,2608.7299999999996,101
2025-01-06T21:50:00+00:00,XAUUSD,M5,2607.1600000000003,2608.1600000000003,2606.1600000000003,2607.36,102
2025-01-06T21:55:00+00:00,XAUUSD,M5,2607.19,2608.19,2606.19,2607.39,103
2025-01-06T22:00:00+00:00,XAUUSD,M5,2608.62,2609.62,2607.62,2608.8199999999997,104
2025-01-06T22:05:00+00:00,XAUUSD,M5,2608.6499999999996,2609.6499999999996,2607.6499999999996,2608.8499999999995,100
2025-01-06T22:10:00+00:00,XAUUSD,M5,2607.28,2608.28,2606.28,2607.48,101
2025-01-06T22:15:00+00:00,XAUUSD,M5,2607.3100000000004,2608.3100000000004,2606.3100000000004,2607.51,102
2025-01-06T22:20:00+00:00,XAUUSD,M5,2608.74,2609.74,2607.74,2608.9399999999996,103
2025-01-06T22:25:00+00:00,XAUUSD,M5,2608.77,2609.77,2607.77,2608.97,104
2025-01-06T22:30:00+00:00,XAUUSD,M5,2607.4,2608.4,2606.4,2607.6,100
2025-01-06T22:35:00+00:00,XAUUSD,M5,2607.4300000000003,2608.4300000000003,2606.4300000000003,2607.63,101
2025-01-06T22:40:00+00:00,XAUUSD,M5,2608.8599999999997,2609.8599999999997,2607.8599999999997,2609.0599999999995,102
2025-01-06T22:45:00+00:00,XAUUSD,M5,2608.89,2609.89,2607.89,2609.0899999999997,103
2025-01-06T22:50:00+00:00,XAUUSD,M5,2607.52,2608.52,2606.52,2607.72,104
2025-01-06T22:55:00+00:00,XAUUSD,M5,2607.55,2608.55,2606.55,2607.75,100
2025-01-06T23:00:00+00:00,XAUUSD,M5,2608.98,2609.98,2607.98,2609.18,101
2025-01-06T23:05:00+00:00,XAUUSD,M5,2609.0099999999998,2610.0099999999998,2608.0099999999998,2609.2099999999996,102
2025-01-06T23:10:00+00:00,XAUUSD,M5,2607.6400000000003,2608.6400000000003,2606.6400000000003,2607.84,103
2025-01-06T23:15:00+00:00,XAUUSD,M5,2607.67,2608.67,2606.67,2607.87,104
2025-01-06T23:20:00+00:00,XAUUSD,M5,2609.1,2610.1,2608.1,2609.2999999999997,100
2025-01-06T23:25:00+00:00,XAUUSD,M5,2609.1299999999997,2610.1299999999997,2608.1299999999997,2609.3299999999995,101
2025-01-06T23:30:00+00:00,XAUUSD,M5,2607.76,2608.76,2606.76,2607.96,102
2025-01-06T23:35:00+00:00,XAUUSD,M5,2607.79,2608.79,2606.79,2607.99,103
2025-01-06T23:40:00+00:00,XAUUSD,M5,2609.22,2610.22,2608.22,2609.4199999999996,104
2025-01-06T23:45:00+00:00,XAUUSD,M5,2609.25,2610.25,2608.25,2609.45,100
2025-01-06T23:50:00+00:00,XAUUSD,M5,2607.88,2608.88,2606.88,2608.08,101
2025-01-06T23:55:00+00:00,XAUUSD,M5,2607.9100000000003,2608.9100000000003,2606.9100000000003,2608.11,102
2025-01-07T00:00:00+00:00,XAUUSD,M5,2609.3399999999997,2610.3399999999997,2608.3399999999997,2609.5399999999995,103
2025-01-07T00:05:00+00:00,XAUUSD,M5,2609.37,2610.37,2608.37,2609.5699999999997,104
2025-01-07T00:10:00+00:00,XAUUSD,M5,2608.0,2609.0,2607.0,2608.2,100
2025-01-07T00:15:00+00:00,XAUUSD,M5,2608.03,2609.03,2607.03,2608.23,101
2025-01-07T00:20:00+00:00,XAUUSD,M5,2609.46,2610.46,2608.46,2609.66,102
2025-01-07T00:25:00+00:00,XAUUSD,M5,2609.49,2610.49,2608.49,2609.6899999999996,103
2025-01-07T00:30:00+00:00,XAUUSD,M5,2608.1200000000003,2609.1200000000003,2607.1200000000003,2608.32,104
2025-01-07T00:35:00+00:00,XAUUSD,M5,2608.15,2609.15,2607.15,2608.35,100
2025-01-07T00:40:00+00:00,XAUUSD,M5,2609.58,2610.58,2608.58,2609.7799999999997,101
2025-01-07T00:45:00+00:00,XAUUSD,M5,2609.6099999999997,2610.6099999999997,2608.6099999999997,2609.8099999999995,102
2025-01-07T00:50:00+00:00,XAUUSD,M5,2608.2400000000002,2609.2400000000002,2607.2400000000002,2608.44,103
2025-01-07T00:55:00+00:00,XAUUSD,M5,2608.27,2609.27,2607.27,2608.47,104
2025-01-07T01:00:00+00:00,XAUUSD,M5,2609.7,2610.7,2608.7,2609.8999999999996,100
2025-01-07T01:05:00+00:00,XAUUSD,M5,2609.73,2610.73,2608.73,2609.93,101
2025-01-07T01:10:00+00:00,XAUUSD,M5,2608.36,2609.36,2607.36,2608.56,102
2025-01-07T01:15:00+00:00,XAUUSD,M5,2608.3900000000003,2609.3900000000003,2607.3900000000003,2608.59,103
2025-01-07T01:20:00+00:00,XAUUSD,M5,2609.8199999999997,2610.8199999999997,2608.8199999999997,2610.0199999999995,104
2025-01-07T01:25:00+00:00,XAUUSD,M5,2609.85,2610.85,2608.85,2610.0499999999997,100
2025-01-07T01:30:00+00:00,XAUUSD,M5,2608.48,2609.48,2607.48,2608.68,101
2025-01-07T01:35:00+00:00,XAUUSD,M5,2608.51,2609.51,2607.51,2608.71,102
2025-01-07T01:40:00+00:00,XAUUSD,M5,2609.9399999999996,2610.9399999999996,2608.9399999999996,2610.1399999999994,103
2025-01-07T01:45:00+00:00,XAUUSD,M5,2609.97,2610.97,2608.97,2610.1699999999996,104
2025-01-07T01:50:00+00:00,XAUUSD,M5,2608.6000000000004,2609.6000000000004,2607.6000000000004,2608.8,100
2025-01-07T01:55:00+00:00,XAUUSD,M5,2608.63,2609.63,2607.63,2608.83,101
2025-01-07T02:00:00+00:00,XAUUSD,M5,2610.06,2611.06,2609.06,2610.2599999999998,102
2025-01-07T02:05:00+00:00,XAUUSD,M5,2610.0899999999997,2611.0899999999997,2609.0899999999997,2610.2899999999995,103
2025-01-07T02:10:00+00:00,XAUUSD,M5,2608.7200000000003,2609.7200000000003,2607.7200000000003,2608.92,104
2025-01-07T02:15:00+00:00,XAUUSD,M5,2608.75,2609.75,2607.75,2608.95,100
2025-01-07T02:20:00+00:00,XAUUSD,M5,2610.18,2611.18,2609.18,2610.3799999999997,101
2025-01-07T02:25:00+00:00,XAUUSD,M5,2610.21,2611.21,2609.21,2610.41,102
2025-01-07T02:30:00+00:00,XAUUSD,M5,2608.84,2609.84,2607.84,2609.04,103
2025-01-07T02:35:00+00:00,XAUUSD,M5,2608.8700000000003,2609.8700000000003,2607.8700000000003,2609.07,104
2025-01-07T02:40:00+00:00,XAUUSD,M5,2610.2999999999997,2611.2999999999997,2609.2999999999997,2610.4999999999995,100
2025-01-07T02:45:00+00:00,XAUUSD,M5,2610.33,2611.33,2609.33,2610.5299999999997,101
2025-01-07T02:50:00+00:00,XAUUSD,M5,2608.96,2609.96,2607.96,2609.16,102
2025-01-07T02:55:00+00:00,XAUUSD,M5,2608.9900000000002,2609.9900000000002,2607.9900000000002,2609.19,103
2025-01-07T03:00:00+00:00,XAUUSD,M5,2610.4199999999996,2611.4199999999996,2609.4199999999996,2610.6199999999994,104
2025-01-07T03:05:00+00:00,XAUUSD,M5,2610.45,2611.45,2609.45,2610.6499999999996,100
2025-01-07T03:10:00+00:00,XAUUSD,M5,2609.0800000000004,2610.0800000000004,2608.0800000000004,2609.28,101
2025-01-07T03:15:00+00:00,XAUUSD,M5,2609.11,2610.11,2608.11,2609.31,102
2025-01-07T03:20:00+00:00,XAUUSD,M5,2610.54,2611.54,2609.54,2610.74,103
2025-01-07T03:25:00+00:00,XAUUSD,M5,2610.5699999999997,2611.5699999999997,2609.5699999999997,2610.7699999999995,104
2025-01-07T03:30:00+00:00,XAUUSD,M5,2609.2000000000003,2610.2000000000003,2608.2000000000003,2609.4,100
2025-01-07T03:35:00+00:00,XAUUSD,M5,2609.23,2610.23,2608.23,2609.43,101
2025-01-07T03:40:00+00:00,XAUUSD,M5,2610.66,2611.66,2609.66,2610.8599999999997,102
2025-01-07T03:45:00+00:00,XAUUSD,M5,2610.6899999999996,2611.6899999999996,2609.6899999999996,2610.8899999999994,103
2025-01-07T03:50:00+00:00,XAUUSD,M5,2609.32,2610.32,2608.32,2609.52,104
2025-01-07T03:55:00+00:00,XAUUSD,M5,2609.3500000000004,2610.3500000000004,2608.3500000000004,2609.55,100
2025-01-07T04:00:00+00:00,XAUUSD,M5,2610.7799999999997,2611.7799999999997,2609.7799999999997,2610.9799999999996,101
2025-01-07T04:05:00+00:00,XAUUSD,M5,2610.81,2611.81,2609.81,2611.0099999999998,102
2025-01-07T04:10:00+00:00,XAUUSD,M5,2609.44,2610.44,2608.44,2609.64,103
2025-01-07T04:15:00+00:00,XAUUSD,M5,2609.4700000000003,2610.4700000000003,2608.4700000000003,2609.67,104
2025-01-07T04:20:00+00:00,XAUUSD,M5,2610.8999999999996,2611.8999999999996,2609.8999999999996,2611.0999999999995,100
2025-01-07T04:25:00+00:00,XAUUSD,M5,2610.93,2611.93,2609.93,2611.1299999999997,101
2025-01-07T04:30:00+00:00,XAUUSD,M5,2609.5600000000004,2610.5600000000004,2608.5600000000004,2609.76,102
2025-01-07T04:35:00+00:00,XAUUSD,M5,2609.59,2610.59,2608.59,2609.79,103
2025-01-07T04:40:00+00:00,XAUUSD,M5,2611.02,2612.02,2610.02,2611.22,104
2025-01-07T04:45:00+00:00,XAUUSD,M5,2611.0499999999997,2612.0499999999997,2610.0499999999997,2611.2499999999995,100
2025-01-07T04:50:00+00:00,XAUUSD,M5,2609.6800000000003,2610.6800000000003,2608.6800000000003,2609.88,101
2025-01-07T04:55:00+00:00,XAUUSD,M5,2609.71,2610.71,2608.71,2609.91,102
2025-01-07T05:00:00+00:00,XAUUSD,M5,2611.14,2612.14,2610.14,2611.3399999999997,103
2025-01-07T05:05:00+00:00,XAUUSD,M5,2611.1699999999996,2612.1699999999996,2610.1699999999996,2611.3699999999994,104
2025-01-07T05:10:00+00:00,XAUUSD,M5,2609.8,2610.8,2608.8,2610.0,100
2025-01-07T05:15:00+00:00,XAUUSD,M5,2609.8300000000004,2610.8300000000004,2608.8300000000004,2610.03,101
2025-01-07T05:20:00+00:00,XAUUSD,M5,2611.2599999999998,2612.2599999999998,2610.2599999999998,2611.4599999999996,102
2025-01-07T05:25:00+00:00,XAUUSD,M5,2611.29,2612.29,2610.29,2611.49,103
2025-01-07T05:30:00+00:00,XAUUSD,M5,2609.92,2610.92,2608.92,2610.12,104
2025-01-07T05:35:00+00:00,XAUUSD,M5,2609.9500000000003,2610.9500000000003,2608.9500000000003,2610.15,100
2025-01-07T05:40:00+00:00,XAUUSD,M5,2611.3799999999997,2612.3799999999997,2610.3799999999997,2611.5799999999995,101
2025-01-07T05:45:00+00:00,XAUUSD,M5,2611.41,2612.41,2610.41,2611.6099999999997,102
2025-01-07T05:50:00+00:00,XAUUSD,M5,2610.04,2611.04,2609.04,2610.24,103
2025-01-07T05:55:00+00:00,XAUUSD,M5,2610.07,2611.07,2609.07,2610.27,104
2025-01-07T06:00:00+00:00,XAUUSD,M5,2611.5,2612.5,2610.5,2611.7,100
2025-01-07T06:05:00+00:00,XAUUSD,M5,2611.5299999999997,2612.5299999999997,2610.5299999999997,2611.7299999999996,101
2025-01-07T06:10:00+00:00,XAUUSD,M5,2610.1600000000003,2611.1600000000003,2609.1600000000003,2610.36,102
2025-01-07T06:15:00+00:00,XAUUSD,M5,2610.19,2611.19,2609.19,2610.39,103
2025-01-07T06:20:00+00:00,XAUUSD,M5,2611.62,2612.62,2610.62,2611.8199999999997,104
2025-01-07T06:25:00+00:00,XAUUSD,M5,2611.6499999999996,2612.6499999999996,2610.6499999999996,2611.8499999999995,100
2025-01-07T06:30:00+00:00,XAUUSD,M5,2610.28,2611.28,2609.28,2610.48,101
2025-01-07T06:35:00+00:00,XAUUSD,M5,2610.3100000000004,2611.3100000000004,2609.3100000000004,2610.51,102
2025-01-07T06:40:00+00:00,XAUUSD,M5,2611.74,2612.74,2610.74,2611.9399999999996,103
2025-01-07T06:45:00+00:00,XAUUSD,M5,2611.77,2612.77,2610.77,2611.97,104
2025-01-07T06:50:00+00:00,XAUUSD,M5,2610.4,2611.4,2609.4,2610.6,100
2025-01-07T06:55:00+00:00,XAUUSD,M5,2610.4300000000003,2611.4300000000003,2609.4300000000003,2610.63,101
2025-01-07T07:00:00+00:00,XAUUSD,M5,2611.8599999999997,2612.8599999999997,2610.8599999999997,2612.0599999999995,102
2025-01-07T07:05:00+00:00,XAUUSD,M5,2611.89,2612.89,2610.89,2612.0899999999997,103
2025-01-07T07:10:00+00:00,XAUUSD,M5,2610.52,2611.52,2609.52,2610.72,104
2025-01-07T07:15:00+00:00,XAUUSD,M5,2610.55,2611.55,2609.55,2610.75,100
2025-01-07T07:20:00+00:00,XAUUSD,M5,2611.98,2612.98,2610.98,2612.18,101
2025-01-07T07:25:00+00:00,XAUUSD,M5,2612.0099999999998,2613.0099999999998,2611.0099999999998,2612.2099999999996,102
2025-01-07T07:30:00+00:00,XAUUSD,M5,2610.6400000000003,2611.6400000000003,2609.6400000000003,2610.84,103
2025-01-07T07:35:00+00:00,XAUUSD,M5,2610.67,2611.67,2609.67,2610.87,104
2025-01-07T07:40:00+00:00,XAUUSD,M5,2612.1,2613.1,2611.1,2612.2999999999997,100
2025-01-07T07:45:00+00:00,XAUUSD,M5,2612.1299999999997,2613.1299999999997,2611.1299999999997,2612.3299999999995,101
2025-01-07T07:50:00+00:00,XAUUSD,M5,2610.76,2611.76,2609.76,2610.96,102
2025-01-07T07:55:00+00:00,XAUUSD,M5,2610.79,2611.79,2609.79,2610.99,103
2025-01-07T08:00:00+00:00,XAUUSD,M5,2612.22,2613.22,2611.22,2612.4199999999996,104
2025-01-07T08:05:00+00:00,XAUUSD,M5,2612.25,2613.25,2611.25,2612.45,100
2025-01-07T08:10:00+00:00,XAUUSD,M5,2610.88,2611.88,2609.88,2611.08,101
2025-01-07T08:15:00+00:00,XAUUSD,M5,2610.9100000000003,2611.9100000000003,2609.9100000000003,2611.11,102
2025-01-07T08:20:00+00:00,XAUUSD,M5,2612.3399999999997,2613.3399999999997,2611.3399999999997,2612.5399999999995,103
2025-01-07T08:25:00+00:00,XAUUSD,M5,2612.37,2613.37,2611.37,2612.5699999999997,104
2025-01-07T08:30:00+00:00,XAUUSD,M5,2611.0,2612.0,2610.0,2611.2,100
2025-01-07T08:35:00+00:00,XAUUSD,M5,2611.03,2612.03,2610.03,2611.23,101
2025-01-07T08:40:00+00:00,XAUUSD,M5,2612.46,2613.46,2611.46,2612.66,102
2025-01-07T08:45:00+00:00,XAUUSD,M5,2612.49,2613.49,2611.49,2612.6899999999996,103
2025-01-07T08:50:00+00:00,XAUUSD,M5,2611.1200000000003,2612.1200000000003,2610.1200000000003,2611.32,104
2025-01-07T08:55:00+00:00,XAUUSD,M5,2611.15,2612.15,2610.15,2611.35,100
2025-01-07T09:00:00+00:00,XAUUSD,M5,2612.58,2613.58,2611.58,2612.7799999999997,101
2025-01-07T09:05:00+00:00,XAUUSD,M5,2612.6099999999997,2613.6099999999997,2611.6099999999997,2612.8099999999995,102
2025-01-07T09:10:00+00:00,XAUUSD,M5,2611.2400000000002,2612.2400000000002,2610.2400000000002,2611.44,103
2025-01-07T09:15:00+00:00,XAUUSD,M5,2611.27,2612.27,2610.27,2611.47,104
2025-01-07T09:20:00+00:00,XAUUSD,M5,2612.7,2613.7,2611.7,2612.8999999999996,100
2025-01-07T09:25:00+00:00,XAUUSD,M5,2612.73,2613.73,2611.73,2612.93,101
2025-01-07T09:30:00+00:00,XAUUSD,M5,2611.36,2612.36,2610.36,2611.56,102
2025-01-07T09:35:00+00:00,XAUUSD,M5,2611.3900000000003,2612.3900000000003,2610.3900000000003,2611.59,103
2025-01-07T09:40:00+00:00,XAUUSD,M5,2612.8199999999997,2613.8199999999997,2611.8199999999997,2613.0199999999995,104
2025-01-07T09:45:00+00:00,XAUUSD,M5,2612.85,2613.85,2611.85,2613.0499999999997,100
2025-01-07T09:50:00+00:00,XAUUSD,M5,2611.48,2612.48,2610.48,2611.68,101
2025-01-07T09:55:00+00:00,XAUUSD,M5,2611.51,2612.51,2610.51,2611.71,102
2025-01-07T10:00:00+00:00,XAUUSD,M5,2612.9399999999996,2613.9399999999996,2611.9399999999996,2613.1399999999994,103
2025-01-07T10:05:00+00:00,XAUUSD,M5,2612.97,2613.97,2611.97,2613.1699999999996,104
2025-01-07T10:10:00+00:00,XAUUSD,M5,2611.6000000000004,2612.6000000000004,2610.6000000000004,2611.8,100
2025-01-07T10:15:00+00:00,XAUUSD,M5,2611.63,2612.63,2610.63,2611.83,101
2025-01-07T10:20:00+00:00,XAUUSD,M5,2613.06,2614.06,2612.06,2613.2599999999998,102
2025-01-07T10:25:00+00:00,XAUUSD,M5,2613.0899999999997,2614.0899999999997,2612.0899999999997,2613.2899999999995,103
2025-01-07T10:30:00+00:00,XAUUSD,M5,2611.7200000000003,2612.7200000000003,2610.7200000000003,2611.92,104
2025-01-07T10:35:00+00:00,XAUUSD,M5,2611.75,2612.75,2610.75,2611.95,100
2025-01-07T10:40:00+00:00,XAUUSD,M5,2613.18,2614.18,2612.18,2613.3799999999997,101
2025-01-07T10:45:00+00:00,XAUUSD,M5,2613.21,2614.21,2612.21,2613.41,102
2025-01-07T10:50:00+00:00,XAUUSD,M5,2611.84,2612.84,2610.84,2612.04,103
2025-01-07T10:55:00+00:00,XAUUSD,M5,2611.8700000000003,2612.8700000000003,2610.8700000000003,2612.07,104
2025-01-07T11:00:00+00:00,XAUUSD,M5,2613.2999999999997,2614.2999999999997,2612.2999999999997,2613.4999999999995,100
2025-01-07T11:05:00+00:00,XAUUSD,M5,2613.33,2614.33,2612.33,2613.5299999999997,101
2025-01-07T11:10:00+00:00,XAUUSD,M5,2611.96,2612.96,2610.96,2612.16,102
2025-01-07T11:15:00+00:00,XAUUSD,M5,2611.9900000000002,2612.9900000000002,2610.9900000000002,2612.19,103
2025-01-07T11:20:00+00:00,XAUUSD,M5,2613.4199999999996,2614.4199999999996,2612.4199999999996,2613.6199999999994,104
2025-01-07T11:25:00+00:00,XAUUSD,M5,2613.45,2614.45,2612.45,2613.6499999999996,100
2025-01-07T11:30:00+00:00,XAUUSD,M5,2612.0800000000004,2613.0800000000004,2611.0800000000004,2612.28,101
2025-01-07T11:35:00+00:00,XAUUSD,M5,2612.11,2613.11,2611.11,2612.31,102
2025-01-07T11:40:00+00:00,XAUUSD,M5,2613.54,2614.54,2612.54,2613.74,103
2025-01-07T11:45:00+00:00,XAUUSD,M5,2613.5699999999997,2614.5699999999997,2612.5699999999997,2613.7699999999995,104
2025-01-07T11:50:00+00:00,XAUUSD,M5,2612.2000000000003,2613.2000000000003,2611.2000000000003,2612.4,100
2025-01-07T11:55:00+00:00,XAUUSD,M5,2612.23,2613.23,2611.23,2612.43,101
2025-01-07T12:00:00+00:00,XAUUSD,M5,2613.66,2614.66,2612.66,2613.8599999999997,102
2025-01-07T12:05:00+00:00,XAUUSD,M5,2613.6899999999996,2614.6899999999996,2612.6899999999996,2613.8899999999994,103
2025-01-07T12:10:00+00:00,XAUUSD,M5,2612.32,2613.32,2611.32,2612.52,104
2025-01-07T12:15:00+00:00,XAUUSD,M5,2612.3500000000004,2613.3500000000004,2611.3500000000004,2612.55,100
2025-01-07T12:20:00+00:00,XAUUSD,M5,2613.7799999999997,2614.7799999999997,2612.7799999999997,2613.9799999999996,101
2025-01-07T12:25:00+00:00,XAUUSD,M5,2613.81,2614.81,2612.81,2614.0099999999998,102
2025-01-07T12:30:00+00:00,XAUUSD,M5,2612.44,2613.44,2611.44,2612.64,103
2025-01-07T12:35:00+00:00,XAUUSD,M5,2612.4700000000003,2613.4700000000003,2611.4700000000003,2612.67,104
2025-01-07T12:40:00+00:00,XAUUSD,M5,2613.8999999999996,2614.8999999999996,2612.8999999999996,2614.0999999999995,100
2025-01-07T12:45:00+00:00,XAUUSD,M5,2613.93,2614.93,2612.93,2614.1299999999997,101
2025-01-07T12:50:00+00:00,XAUUSD,M5,2612.5600000000004,2613.5600000000004,2611.5600000000004,2612.76,102
2025-01-07T12:55:00+00:00,XAUUSD,M5,2612.59,2613.59,2611.59,2612.79,103
2025-01-07T13:00:00+00:00,XAUUSD,M5,2614.02,2615.02,2613.02,2614.22,104
2025-01-07T13:05:00+00:00,XAUUSD,M5,2614.0499999999997,2615.0499999999997,2613.0499999999997,2614.2499999999995,100
2025-01-07T13:10:00+00:00,XAUUSD,M5,2612.6800000000003,2613.6800000000003,2611.6800000000003,2612.88,101
2025-01-07T13:15:00+00:00,XAUUSD,M5,2612.71,2613.71,2611.71,2612.91,102
2025-01-07T13:20:00+00:00,XAUUSD,M5,2614.14,2615.14,2613.14,2614.3399999999997,103
2025-01-07T13:25:00+00:00,XAUUSD,M5,2614.1699999999996,2615.1699999999996,2613.1699999999996,2614.3699999999994,104
2025-01-07T13:30:00+00:00,XAUUSD,M5,2612.8,2613.8,2611.8,2613.0,100
2025-01-07T13:35:00+00:00,XAUUSD,M5,2612.8300000000004,2613.8300000000004,2611.8300000000004,2613.03,101
2025-01-07T13:40:00+00:00,XAUUSD,M5,2614.2599999999998,2615.2599999999998,2613.2599999999998,2614.4599999999996,102
2025-01-07T13:45:00+00:00,XAUUSD,M5,2614.29,2615.29,2613.29,2614.49,103
2025-01-07T13:50:00+00:00,XAUUSD,M5,2612.92,2613.92,2611.92,2613.12,104
2025-01-07T13:55:00+00:00,XAUUSD,M5,2612.9500000000003,2613.9500000000003,2611.9500000000003,2613.15,100
2025-01-07T14:00:00+00:00,XAUUSD,M5,2614.3799999999997,2615.3799999999997,2613.3799999999997,2614.5799999999995,101
2025-01-07T14:05:00+00:00,XAUUSD,M5,2614.41,2615.41,2613.41,2614.6099999999997,102
2025-01-07T14:10:00+00:00,XAUUSD,M5,2613.04,2614.04,2612.04,2613.24,103
2025-01-07T14:15:00+00:00,XAUUSD,M5,2613.07,2614.07,2612.07,2613.27,104
2025-01-07T14:20:00+00:00,XAUUSD,M5,2614.5,2615.5,2613.5,2614.7,100
2025-01-07T14:25:00+00:00,XAUUSD,M5,2614.5299999999997,2615.5299999999997,2613.5299999999997,2614.7299999999996,101
2025-01-07T14:30:00+00:00,XAUUSD,M5,2613.1600000000003,2614.1600000000003,2612.1600000000003,2613.36,102
2025-01-07T14:35:00+00:00,XAUUSD,M5,2613.19,2614.19,2612.19,2613.39,103
2025-01-07T14:40:00+00:00,XAUUSD,M5,2614.62,2615.62,2613.62,2614.8199999999997,104
2025-01-07T14:45:00+00:00,XAUUSD,M5,2614.6499999999996,2615.6499999999996,2613.6499999999996,2614.8499999999995,100
2025-01-07T14:50:00+00:00,XAUUSD,M5,2613.28,2614.28,2612.28,2613.48,101
2025-01-07T14:55:00+00:00,XAUUSD,M5,2613.3100000000004,2614.3100000000004,2612.3100000000004,2613.51,102
2025-01-07T15:00:00+00:00,XAUUSD,M5,2614.74,2615.74,2613.74,2614.9399999999996,103
2025-01-07T15:05:00+00:00,XAUUSD,M5,2614.77,2615.77,2613.77,2614.97,104
2025-01-07T15:10:00+00:00,XAUUSD,M5,2613.4,2614.4,2612.4,2613.6,100
2025-01-07T15:15:00+00:00,XAUUSD,M5,2613.4300000000003,2614.4300000000003,2612.4300000000003,2613.63,101
2025-01-07T15:20:00+00:00,XAUUSD,M5,2614.8599999999997,2615.8599999999997,2613.8599999999997,2615.0599999999995,102
2025-01-07T15:25:00+00:00,XAUUSD,M5,2614.89,2615.89,2613.89,2615.0899999999997,103
2025-01-07T15:30:00+00:00,XAUUSD,M5,2613.52,2614.52,2612.52,2613.72,104
2025-01-07T15:35:00+00:00,XAUUSD,M5,2613.55,2614.55,2612.55,2613.75,100
2025-01-07T15:40:00+00:00,XAUUSD,M5,2614.98,2615.98,2613.98,2615.18,101
2025-01-07T15:45:00+00:00,XAUUSD,M5,2615.0099999999998,2616.0099999999998,2614.0099999999998,2615.2099999999996,102
2025-01-07T15:50:00+00:00,XAUUSD,M5,2613.6400000000003,2614.6400000000003,2612.6400000000003,2613.84,103
2025-01-07T15:55:00+00:00,XAUUSD,M5,2613.67,2614.67,2612.67,2613.87,104
2025-01-07T16:00:00+00:00,XAUUSD,M5,2615.1,2616.1,2614.1,2615.2999999999997,100
2025-01-07T16:05:00+00:00,XAUUSD,M5,2615.1299999999997,2616.1299999999997,2614.1299999999997,2615.3299999999995,101
2025-01-07T16:10:00+00:00,XAUUSD,M5,2613.76,2614.76,2612.76,2613.96,102
2025-01-07T16:15:00+00:00,XAUUSD,M5,2613.79,2614.79,2612.79,2613.99,103
2025-01-07T16:20:00+00:00,XAUUSD,M5,2615.22,2616.22,2614.22,2615.4199999999996,104
2025-01-07T16:25:00+00:00,XAUUSD,M5,2615.25,2616.25,2614.25,2615.45,100
2025-01-07T16:30:00+00:00,XAUUSD,M5,2613.88,2614.88,2612.88,2614.08,101
2025-01-07T16:35:00+00:00,XAUUSD,M5,2613.9100000000003,2614.9100000000003,2612.9100000000003,2614.11,102
2025-01-07T16:40:00+00:00,XAUUSD,M5,2615.3399999999997,2616.3399999999997,2614.3399999999997,2615.5399999999995,103
2025-01-07T16:45:00+00:00,XAUUSD,M5,2615.37,2616.37,2614.37,2615.5699999999997,104
2025-01-07T16:50:00+00:00,XAUUSD,M5,2614.0,2615.0,2613.0,2614.2,100
2025-01-07T16:55:00+00:00,XAUUSD,M5,2614.03,2615.03,2613.03,2614.23,101
2025-01-07T17:00:00+00:00,XAUUSD,M5,2615.46,2616.46,2614.46,2615.66,102
2025-01-07T17:05:00+00:00,XAUUSD,M5,2615.49,2616.49,2614.49,2615.6899999999996,103
2025-01-07T17:10:00+00:00,XAUUSD,M5,2614.1200000000003,2615.1200000000003,2613.1200000000003,2614.32,104
2025-01-07T17:15:00+00:00,XAUUSD,M5,2614.15,2615.15,2613.15,2614.35,100
2025-01-07T17:20:00+00:00,XAUUSD,M5,2615.58,2616.58,2614.58,2615.7799999999997,101
2025-01-07T17:25:00+00:00,XAUUSD,M5,2615.6099999999997,2616.6099999999997,2614.6099999999997,2615.8099999999995,102
2025-01-07T17:30:00+00:00,XAUUSD,M5,2614.2400000000002,2615.2400000000002,2613.2400000000002,2614.44,103
2025-01-07T17:35:00+00:00,XAUUSD,M5,2614.27,2615.27,2613.27,2614.47,104
2025-01-07T17:40:00+00:00,XAUUSD,M5,2615.7,2616.7,2614.7,2615.8999999999996,100
2025-01-07T17:45:00+00:00,XAUUSD,M5,2615.73,2616.73,2614.73,2615.93,101
2025-01-07T17:50:00+00:00,XAUUSD,M5,2614.36,2615.36,2613.36,2614.56,102
2025-01-07T17:55:00+00:00,XAUUSD,M5,2614.3900000000003,2615.3900000000003,2613.3900000000003,2614.59,103
2025-01-07T18:00:00+00:00,XAUUSD,M5,2615.8199999999997,2616.8199999999997,2614.8199999999997,2616.0199999999995,104
2025-01-07T18:05:00+00:00,XAUUSD,M5,2615.85,2616.85,2614.85,2616.0499999999997,100
2025-01-07T18:10:00+00:00,XAUUSD,M5,2614.48,2615.48,2613.48,2614.68,101
2025-01-07T18:15:00+00:00,XAUUSD,M5,2614.51,2615.51,2613.51,2614.71,102
2025-01-07T18:20:00+00:00,XAUUSD,M5,2615.9399999999996,2616.9399999999996,2614.9399999999996,2616.1399999999994,103
2025-01-07T18:25:00+00:00,XAUUSD,M5,2615.97,2616.97,2614.97,2616.1699999999996,104
2025-01-07T18:30:00+00:00,XAUUSD,M5,2614.6000000000004,2615.6000000000004,2613.6000000000004,2614.8,100
2025-01-07T18:35:00+00:00,XAUUSD,M5,2614.63,2615.63,2613.63,2614.83,101
2025-01-07T18:40:00+00:00,XAUUSD,M5,2616.06,2617.06,2615.06,2616.2599999999998,102
2025-01-07T18:45:00+00:00,XAUUSD,M5,2616.0899999999997,2617.0899999999997,2615.0899999999997,2616.2899999999995,103
2025-01-07T18:50:00+00:00,XAUUSD,M5,2614.7200000000003,2615.7200000000003,2613.7200000000003,2614.92,104
2025-01-07T18:55:00+00:00,XAUUSD,M5,2614.75,2615.75,2613.75,2614.95,100
2025-01-07T19:00:00+00:00,XAUUSD,M5,2616.18,2617.18,2615.18,2616.3799999999997,101
2025-01-07T19:05:00+00:00,XAUUSD,M5,2616.21,2617.21,2615.21,2616.41,102
2025-01-07T19:10:00+00:00,XAUUSD,M5,2614.84,2615.84,2613.84,2615.04,103
2025-01-07T19:15:00+00:00,XAUUSD,M5,2614.8700000000003,2615.8700000000003,2613.8700000000003,2615.07,104
2025-01-07T19:20:00+00:00,XAUUSD,M5,2616.2999999999997,2617.2999999999997,2615.2999999999997,2616.4999999999995,100
2025-01-07T19:25:00+00:00,XAUUSD,M5,2616.33,2617.33,2615.33,2616.5299999999997,101
2025-01-07T19:30:00+00:00,XAUUSD,M5,2614.96,2615.96,2613.96,2615.16,102
2025-01-07T19:35:00+00:00,XAUUSD,M5,2614.9900000000002,2615.9900000000002,2613.9900000000002,2615.19,103
2025-01-07T19:40:00+00:00,XAUUSD,M5,2616.4199999999996,2617.4199999999996,2615.4199999999996,2616.6199999999994,104
2025-01-07T19:45:00+00:00,XAUUSD,M5,2616.45,2617.45,2615.45,2616.6499999999996,100
2025-01-07T19:50:00+00:00,XAUUSD,M5,2615.0800000000004,2616.0800000000004,2614.0800000000004,2615.28,101
2025-01-07T19:55:00+00:00,XAUUSD,M5,2615.11,2616.11,2614.11,2615.31,102
2025-01-07T20:00:00+00:00,XAUUSD,M5,2616.54,2617.54,2615.54,2616.74,103
2025-01-07T20:05:00+00:00,XAUUSD,M5,2616.5699999999997,2617.5699999999997,2615.5699999999997,2616.7699999999995,104
2025-01-07T20:10:00+00:00,XAUUSD,M5,2615.2000000000003,2616.2000000000003,2614.2000000000003,2615.4,100
2025-01-07T20:15:00+00:00,XAUUSD,M5,2615.23,2616.23,2614.23,2615.43,101
2025-01-07T20:20:00+00:00,XAUUSD,M5,2616.66,2617.66,2615.66,2616.8599999999997,102
2025-01-07T20:25:00+00:00,XAUUSD,M5,2616.6899999999996,2617.6899999999996,2615.6899999999996,2616.8899999999994,103
2025-01-07T20:30:00+00:00,XAUUSD,M5,2615.32,2616.32,2614.32,2615.52,104
2025-01-07T20:35:00+00:00,XAUUSD,M5,2615.3500000000004,2616.3500000000004,2614.3500000000004,2615.55,100
2025-01-07T20:40:00+00:00,XAUUSD,M5,2616.7799999999997,2617.7799999999997,2615.7799999999997,2616.9799999999996,101
2025-01-07T20:45:00+00:00,XAUUSD,M5,2616.81,2617.81,2615.81,2617.0099999999998,102
2025-01-07T20:50:00+00:00,XAUUSD,M5,2615.44,2616.44,2614.44,2615.64,103
2025-01-07T20:55:00+00:00,XAUUSD,M5,2615.4700000000003,2616.4700000000003,2614.4700000000003,2615.67,104
2025-01-07T21:00:00+00:00,XAUUSD,M5,2616.8999999999996,2617.8999999999996,2615.8999999999996,2617.0999999999995,100
2025-01-07T21:05:00+00:00,XAUUSD,M5,2616.93,2617.93,2615.93,2617.1299999999997,101
2025-01-07T21:10:00+00:00,XAUUSD,M5,2615.5600000000004,2616.5600000000004,2614.5600000000004,2615.76,102
2025-01-07T21:15:00+00:00,XAUUSD,M5,2615.59,2616.59,2614.59,2615.79,103
2025-01-07T21:20:00+00:00,XAUUSD,M5,2617.02,2618.02,2616.02,2617.22,104
2025-01-07T21:25:00+00:00,XAUUSD,M5,2617.0499999999997,2618.0499999999997,2616.0499999999997,2617.2499999999995,100
2025-01-07T21:30:00+00:00,XAUUSD,M5,2615.6800000000003,2616.6800000000003,2614.6800000000003,2615.88,101
2025-01-07T21:35:00+00:00,XAUUSD,M5,2615.71,2616.71,2614.71,2615.91,102
2025-01-07T21:40:00+00:00,XAUUSD,M5,2617.14,2618.14,2616.14,2617.3399999999997,103
2025-01-07T21:45:00+00:00,XAUUSD,M5,2617.1699999999996,2618.1699999999996,2616.1699999999996,2617.3699999999994,104
2025-01-07T21:50:00+00:00,XAUUSD,M5,2615.8,2616.8,2614.8,2616.0,100
2025-01-07T21:55:00+00:00,XAUUSD,M5,2615.8300000000004,2616.8300000000004,2614.8300000000004,2616.03,101
2025-01-07T22:00:00+00:00,XAUUSD,M5,2617.2599999999998,2618.2599999999998,2616.2599999999998,2617.4599999999996,102
2025-01-07T22:05:00+00:00,XAUUSD,M5,2617.29,2618.29,2616.29,2617.49,103
2025-01-07T22:10:00+00:00,XAUUSD,M5,2615.92,2616.92,2614.92,2616.12,104
2025-01-07T22:15:00+00:00,XAUUSD,M5,2615.9500000000003,2616.9500000000003,2614.9500000000003,2616.15,100
2025-01-07T22:20:00+00:00,XAUUSD,M5,2617.3799999999997,2618.3799999999997,2616.3799999999997,2617.5799999999995,101
2025-01-07T22:25:00+00:00,XAUUSD,M5,2617.41,2618.41,2616.41,2617.6099999999997,102
2025-01-07T22:30:00+00:00,XAUUSD,M5,2616.04,2617.04,2615.04,2616.24,103
2025-01-07T22:35:00+00:00,XAUUSD,M5,2616.07,2617.07,2615.07,2616.27,104
2025-01-07T22:40:00+00:00,XAUUSD,M5,2617.5,2618.5,2616.5,2617.7,100
2025-01-07T22:45:00+00:00,XAUUSD,M5,2617.5299999999997,2618.5299999999997,2616.5299999999997,2617.7299999999996,101
2025-01-07T22:50:00+00:00,XAUUSD,M5,2616.1600000000003,2617.1600000000003,2615.1600000000003,2616.36,102
2025-01-07T22:55:00+00:00,XAUUSD,M5,2616.19,2617.19,2615.19,2616.39,103
2025-01-07T23:00:00+00:00,XAUUSD,M5,2617.62,2618.62,2616.62,2617.8199999999997,104
2025-01-07T23:05:00+00:00,XAUUSD,M5,2617.6499999999996,2618.6499999999996,2616.6499999999996,2617.8499999999995,100
2025-01-07T23:10:00+00:00,XAUUSD,M5,2616.28,2617.28,2615.28,2616.48,101
2025-01-07T23:15:00+00:00,XAUUSD,M5,2616.3100000000004,2617.3100000000004,2615.3100000000004,2616.51,102
2025-01-07T23:20:00+00:00,XAUUSD,M5,2617.74,2618.74,2616.74,2617.9399999999996,103
2025-01-07T23:25:00+00:00,XAUUSD,M5,2617.77,2618.77,2616.77,2617.97,104
2025-01-07T23:30:00+00:00,XAUUSD,M5,2616.4,2617.4,2615.4,2616.6,100
2025-01-07T23:35:00+00:00,XAUUSD,M5,2616.4300000000003,2617.4300000000003,2615.4300000000003,2616.63,101
2025-01-07T23:40:00+00:00,XAUUSD,M5,2617.8599999999997,2618.8599999999997,2616.8599999999997,2618.0599999999995,102
2025-01-07T23:45:00+00:00,XAUUSD,M5,2617.89,2618.89,2616.89,2618.0899999999997,103
2025-01-07T23:50:00+00:00,XAUUSD,M5,2616.52,2617.52,2615.52,2616.72,104
2025-01-07T23:55:00+00:00,XAUUSD,M5,2616.55,2617.55,2615.55,2616.75,100
2025-01-08T00:00:00+00:00,XAUUSD,M5,2617.98,2618.98,2616.98,2618.18,101
2025-01-08T00:05:00+00:00,XAUUSD,M5,2618.0099999999998,2619.0099999999998,2617.0099999999998,2618.2099999999996,102
2025-01-08T00:10:00+00:00,XAUUSD,M5,2616.6400000000003,2617.6400000000003,2615.6400000000003,2616.84,103
2025-01-08T00:15:00+00:00,XAUUSD,M5,2616.67,2617.67,2615.67,2616.87,104
2025-01-08T00:20:00+00:00,XAUUSD,M5,2618.1,2619.1,2617.1,2618.2999999999997,100
2025-01-08T00:25:00+00:00,XAUUSD,M5,2618.1299999999997,2619.1299999999997,2617.1299999999997,2618.3299999999995,101
2025-01-08T00:30:00+00:00,XAUUSD,M5,2616.76,2617.76,2615.76,2616.96,102
2025-01-08T00:35:00+00:00,XAUUSD,M5,2616.79,2617.79,2615.79,2616.99,103
2025-01-08T00:40:00+00:00,XAUUSD,M5,2618.22,2619.22,2617.22,2618.4199999999996,104
2025-01-08T00:45:00+00:00,XAUUSD,M5,2618.25,2619.25,2617.25,2618.45,100
2025-01-08T00:50:00+00:00,XAUUSD,M5,2616.88,2617.88,2615.88,2617.08,101
2025-01-08T00:55:00+00:00,XAUUSD,M5,2616.9100000000003,2617.9100000000003,2615.9100000000003,2617.11,102
2025-01-08T01:00:00+00:00,XAUUSD,M5,2618.3399999999997,2619.3399999999997,2617.3399999999997,2618.5399999999995,103
2025-01-08T01:05:00+00:00,XAUUSD,M5,2618.37,2619.37,2617.37,2618.5699999999997,104
2025-01-08T01:10:00+00:00,XAUUSD,M5,2617.0,2618.0,2616.0,2617.2,100
2025-01-08T01:15:00+00:00,XAUUSD,M5,2617.03,2618.03,2616.03,2617.23,101
2025-01-08T01:20:00+00:00,XAUUSD,M5,2618.46,2619.46,2617.46,2618.66,102
2025-01-08T01:25:00+00:00,XAUUSD,M5,2618.49,2619.49,2617.49,2618.6899999999996,103
2025-01-08T01:30:00+00:00,XAUUSD,M5,2617.1200000000003,2618.1200000000003,2616.1200000000003,2617.32,104
2025-01-08T01:35:00+00:00,XAUUSD,M5,2617.15,2618.15,2616.15,2617.35,100
2025-01-08T01:40:00+00:00,XAUUSD,M5,2618.58,2619.58,2617.58,2618.7799999999997,101
2025-01-08T01:45:00+00:00,XAUUSD,M5,2618.6099999999997,2619.6099999999997,2617.6099999999997,2618.8099999999995,102
2025-01-08T01:50:00+00:00,XAUUSD,M5,2617.2400000000002,2618.2400000000002,2616.2400000000002,2617.44,103
2025-01-08T01:55:00+00:00,XAUUSD,M5,2617.27,2618.27,2616.27,2617.47,104
